epoch,lr,loss,iou,val_loss,val_iou,val_dice
0,0.0001,1.132305729956854,4.202552011143289e-11,1.1509660482406616,3.278597787349775e-11,6.557195574423934e-11
1,0.0001,1.0892616623923892,4.281747131941987e-11,1.086466453292153,3.278597787349775e-11,6.557195574423934e-11
2,0.0001,1.049642386890593,4.073500044133232e-11,1.0440880168568005,3.278597787349775e-11,6.557195574423934e-11
3,0.0001,1.0050078204699926,0.010209162480499452,1.037021983753551,3.278597787349775e-11,6.557195574423934e-11
4,0.0001,0.9633384801092602,0.12301077312962044,0.9248324090784247,0.0808019276725686,0.14719796990782338
5,0.0001,0.9240643495605105,0.24196305343751767,0.8745925643227317,0.25260493977101234,0.39999821818082215
6,0.0001,0.8834371737071446,0.274343854937499,0.840029082515023,0.3184621147004643,0.48130338445096504
7,0.0001,0.8473383273397174,0.2954790572892084,0.8549106066877191,0.34827176378142766,0.5143487675365478
8,0.0001,0.8043110853149777,0.3172237793990795,0.7565768306905573,0.4399260437657881,0.607974362652006
9,0.0001,0.7762587552978879,0.3383781725264276,0.9661483547904275,0.1966925932143665,0.3258785114000566
10,0.0001,0.7408907555398487,0.34085100501920784,0.8510345437309959,0.304626012807371,0.4640090578663198
11,0.0001,0.7131231625874838,0.3446500441806948,0.7863929271697998,0.25731091861816024,0.40777285724274465
12,0.0001,0.6824057158969697,0.3608099276465324,0.8527303283864801,0.2883619158472433,0.4431196232529351
13,0.0001,0.662489979040055,0.3673447153201741,0.7470548423853788,0.4042210001423838,0.5722721342694435
14,0.0001,0.6306412645748684,0.3737398123650317,0.6177213354544207,0.37639994565390056,0.5420845937341746
15,0.0001,0.619901309410731,0.3940909792599809,0.6185683662241156,0.43670543130552897,0.6050233546851146
16,0.0001,0.6042770530496325,0.3961964721731984,0.6650949228893627,0.3308631245133372,0.49450543350217924
17,0.0001,0.6033115869476682,0.392594935095699,0.6984837326136503,0.38710711758204996,0.5566098414612877
18,0.0001,0.5899370043050676,0.3894095853872753,0.802708392793482,0.31403752874532825,0.47297617972945666
19,0.0001,0.5746596526531946,0.4052335568358717,0.574294924736023,0.5020535016300459,0.6660534616632187
20,0.0001,0.5694941750594548,0.3940033905400173,0.5855301672762091,0.4679477701066137,0.6333463559621855
21,0.0001,0.5709009553704943,0.4115181284374717,0.530595600605011,0.5228583180636629,0.6840770257452332
22,0.0001,0.5428566606271834,0.4212417860992039,0.6710710633884777,0.38480589630927364,0.554106340337534
23,0.0001,0.5521970859595707,0.4070618240535321,0.5223375667225231,0.5027894791656058,0.6664005997195755
24,0.0001,0.537486256588073,0.4318506142807041,0.5806043581529097,0.4815428664150879,0.6469665995827117
25,0.0001,0.5399462850320906,0.4340245509803258,0.8004468841986223,0.31655742112021534,0.4772030212419485
26,0.0001,0.5204361081123352,0.4363925454478902,1.434624270959334,0.1286562898705125,0.2265045055379905
27,0.0001,0.5209700309094929,0.44237998809916185,0.5416416065259413,0.49828000522216437,0.6616759764309126
28,0.0001,0.5133694821879977,0.4387705023376353,0.712721196087924,0.37124902899125184,0.5380344474799348
29,0.0001,0.509776886020388,0.4469324477063023,0.4657331678000363,0.5680051436934784,0.7234532443771893
30,0.0001,0.5093248131729308,0.4364418075434558,0.4887929043986581,0.5291279631221472,0.6897963602535268
31,0.0001,0.5019083392052424,0.4414012567597518,0.549114162271673,0.5072795415008247,0.6694831934806362
32,0.0001,0.4919792740117936,0.4659341617291822,0.5246296579187567,0.5271384092687253,0.6885248334762704
33,0.0001,0.49766968261627925,0.44942140579749423,1.0957339785315774,0.20515939578819486,0.3370956437978567
34,0.0001,0.474490897996085,0.4682022251786382,0.5502279617569663,0.5000490193195873,0.6619152782730725
35,0.0001,0.48894679972103666,0.4419345737290887,0.44474017349156464,0.5797990251611306,0.7325750348652121
36,0.0001,0.4726793169975281,0.4741658728883534,0.609611755067652,0.45177139700742897,0.6208640686976664
37,0.0001,0.48387983441352844,0.45719864416153283,0.6076895594596863,0.42134793713374763,0.5851287572544788
38,0.0001,0.4643855556136086,0.4836686091531524,0.8543836745348844,0.2945858647161461,0.44994469096378614
39,0.0001,0.47016048431396484,0.4823961263334198,0.7426449331370267,0.3679589195256241,0.5339818462305984
40,0.0001,0.47610217332839966,0.4786092079229891,0.4127252684398131,0.5498607796914027,0.7072948016453602
41,0.0001,0.458959929999851,0.47426334278611976,0.49606999483975495,0.5563877513557304,0.7118693127927493
42,0.0001,0.43165130274636404,0.5107309333108512,0.7123223759911277,0.3852854875077833,0.5524371851059428
43,0.0001,0.4639875094095866,0.4649424239755446,0.6251279332421043,0.45247817709666266,0.6197934090276952
44,0.0001,0.4330252408981323,0.5127255559575721,0.6366086764769121,0.39629954095924486,0.5651058102416612
45,0.0001,0.44465500329221996,0.5015683175558762,0.5905810757116838,0.4497730889117948,0.6186575282657677
46,0.0001,0.4462592502435048,0.49557564546372584,0.6340999603271484,0.38451193031103564,0.5501742861745208
47,0.0001,0.433664409887223,0.501989792983762,0.4129784378138455,0.5778010191500225,0.7292795963548929
48,0.0001,0.43613684745061965,0.49418621853739947,0.607002550905401,0.42018770767206876,0.5894178548193888
49,0.0001,0.42926470651513055,0.5061856198904294,0.5682830160314386,0.485549426868732,0.649984148123698
50,0.0001,0.4208090049879892,0.508756948810827,0.4211258427663283,0.6080147535668367,0.7544068238310652
51,0.0001,0.43001721018836614,0.5198671369433235,0.4019069549712268,0.5840640242523771,0.7340539492793652
52,0.0001,0.45867657235690523,0.4856377013182134,0.42996936765584076,0.5103036049686281,0.671114622151122
53,0.0001,0.4124378263950348,0.5358977382458571,0.44495505365458404,0.5818989346020509,0.7339126167233193
54,0.0001,0.4322881010316667,0.5057093053258254,0.4643789448521354,0.5700763932083907,0.7246484600931759
55,0.0001,0.4193397405601683,0.5165509387515785,0.5716910091313449,0.46987961400957107,0.6366052794733206
56,0.0001,0.4115903625885646,0.506294074199422,0.3822178244590759,0.5745784942647048,0.7287820725153559
57,0.0001,0.400870076247624,0.526544723775857,0.4581612538207661,0.5209504620688947,0.6814207504758137
58,0.0001,0.4196183823403858,0.5202749859679048,0.5408829884095625,0.47029910488803356,0.6382681627868881
59,0.0001,0.4393976075308664,0.49439402042702507,0.39758346568454395,0.5718540929478051,0.7242607651450167
60,0.0001,0.4147695657752809,0.5142776282792627,0.3770675171505321,0.629497117921398,0.771643705366375
61,0.0001,0.42027602805977776,0.5118493312219646,0.39214181900024414,0.6195390354173935,0.763293447747597
62,0.0001,0.3998263307980129,0.5362492578282788,0.3864321898330342,0.621152118508149,0.7647119477131569
63,0.0001,0.38499274920849574,0.5441150627785867,0.40236798470670526,0.6221857040788842,0.7654557190579836
64,0.0001,0.3824034326133274,0.5519630124352775,0.37918761101636017,0.6263393437976373,0.7696794333112869
65,0.0001,0.4083909122716813,0.5208130068026963,0.36049159548499365,0.6399774213764214,0.7796839718900151
66,0.0001,0.3856354887996401,0.5533211605564373,0.375026599927382,0.6051228917394428,0.7529308085182872
67,0.0001,0.39123958633059547,0.5239757044261872,0.5532180992039767,0.4884250050347759,0.6546315444051638
68,0.0001,0.3814183629694439,0.5517559691612453,0.7958052375099876,0.3612277130382077,0.5249499141577726
69,0.0001,0.3887572302704766,0.5295636189053715,0.34135041589086706,0.6526508439454232,0.7888842492441225
70,0.0001,0.37279302449453444,0.5424726838604084,0.4426469694484364,0.5883976407898713,0.7393463963039166
71,0.0001,0.3688027362028758,0.5570572633740906,0.6950236017053778,0.40741714932951373,0.5761587221500225
72,0.0001,0.3751105226221539,0.5538259981637934,0.54267756505446,0.5230556297959098,0.6850607709381286
73,0.0001,0.3660443006526856,0.5607664947239117,0.4343054565516385,0.5920315256769472,0.7421138086656577
74,0.0001,0.3544725605419704,0.5649344481979435,0.35886198011311615,0.6725285434522937,0.8033759953296337
75,0.0001,0.3684449103616533,0.5650545406387095,1.448567108674483,0.18800899926198777,0.31383586395087437
76,0.0001,0.37469715163821266,0.5559609528227388,0.7078410116108981,0.4133592514923021,0.5813682109778471
77,0.0001,0.3520809780983698,0.5651243873986492,1.0809538797898726,0.25338794700485234,0.40089974903520686
78,0.0001,0.3508940644207455,0.5862853650920036,0.5379077169028196,0.5248092283920628,0.6854702566900043
79,0.0001,0.35259582031340825,0.5691464496051202,0.7967843088236722,0.3604798995893321,0.5263895110247713
80,0.0001,0.3469994579042707,0.5854200080581565,0.3341167000207034,0.6757623447883508,0.8054191384480063
81,0.0001,0.3449899408788908,0.5969222100960945,0.3919893584468148,0.6280731618966582,0.7706914240283704
82,0.0001,0.35992911741847083,0.5806813315641839,0.48578868129036645,0.5164219895579408,0.6794502053714966
83,0.0001,0.3689426112742651,0.5653395238816292,0.3854693580757488,0.5638980969193048,0.7192008841666673
84,0.0001,0.3367473915928886,0.5817556607226186,0.4085006659681147,0.5881857747185184,0.7395044796452531
85,0.0001,0.34166153484866735,0.5677296624862258,0.3618235913189975,0.665114927329086,0.7981721176915181
86,0.0001,0.34633451771168483,0.5899996886822167,0.34163120118054474,0.6738957667907539,0.8039811403781209
87,0.0001,0.36828436170305523,0.5525005184372335,0.5405699556524103,0.49070779963673233,0.6543340191408231
88,0.0001,0.3398716683898653,0.578032633252569,0.44898888739672577,0.5976821970557397,0.7460101555222809
89,0.0001,0.3309185703595479,0.6064126329739322,1.0331287058916958,0.2738206207288554,0.4262106234099687
90,0.0001,0.3215573997724624,0.5988432839239808,0.3632490093057806,0.646173065571594,0.7837333308752097
91,0.0001,0.31891661669526783,0.5931954447336341,0.6797790960832075,0.42595555164910975,0.5933027245709344
92,0.0001,0.33241917547725497,0.5976060043519722,0.6220812147313898,0.4554046085789292,0.6234046270845645
93,0.0001,0.3423766947927929,0.5837070278824751,0.3563737097111615,0.6082074060123948,0.7549752166313773
94,0.0001,0.3145494418484824,0.6100401332180388,0.9129517078399658,0.29967529591215086,0.45836350111369717
95,0.0001,0.32966339020502,0.5953855682552204,1.070206186988137,0.27895268933880185,0.4322080071379396
96,0.0001,0.3021812027408963,0.6295808342143164,1.1320263147354126,0.26282893688025183,0.4119368011420485
97,0.0001,0.326991679412978,0.6013682221478712,0.7086310657587919,0.4291334446233215,0.5968201887559944
98,0.0001,0.3100354089623406,0.6204777414530172,0.5171188766306097,0.5235184740700499,0.685144050671443
99,0.0001,0.2940207003127961,0.6344267082759525,0.408453724601052,0.6238493633210127,0.7664701345182063
100,0.0001,0.31234792797338395,0.6135144536943488,0.46267306262796576,0.5806414152672988,0.7324528639272387
101,0.0001,0.32089673408440184,0.6234492126025492,0.3991107805208726,0.6001303912430913,0.7485020482053703
102,0.0001,0.3093550531637101,0.6129138187638442,0.5440004630522295,0.48662347139993756,0.6519265560620486
103,0.0001,0.31896820416053134,0.6029236251658958,0.3428784121166576,0.6431280866128893,0.7818721718058435
104,0.0001,0.3121262455270404,0.6104748157718257,0.6030416651205583,0.47252037644730416,0.6391341267620629
105,0.0001,0.27520373179799035,0.6573839593845542,1.2525729482824153,0.23442916757894777,0.3763295113657954
106,0.0001,0.30115556220213574,0.6188219441658982,2.0473924550143154,0.14609537194442285,0.25253511560858605
107,0.0001,0.28632294031835737,0.6313941846266201,0.6287543990395286,0.4530139636271869,0.6192824220193475
108,0.0001,0.27091355267025174,0.6538023744944376,0.3740677372975783,0.6294072748429013,0.772129651516111
109,0.0001,0.2817732556944802,0.6519034671364466,0.7166708274321123,0.3963375817119413,0.5638570174031774
110,0.0001,0.28559152675526484,0.6568524347305702,0.5452128052711487,0.4844173053995391,0.6502830943753909
111,0.0001,0.29274207211676095,0.6407525407143264,0.35701412097974256,0.6004595265371968,0.7476681110663691
112,0.0001,0.29341534560634974,0.6275313624999943,0.35998104919086804,0.6442453053792958,0.7826770633838689
113,0.0001,0.28206663046564373,0.652825459814862,0.4867869805205952,0.5275555776283173,0.6887977449321802
114,0.0001,0.26766892841884066,0.6539462764546573,0.41772234439849854,0.5568935465561207,0.7136711856220965
115,0.0001,0.27580775746277403,0.6571052236248665,0.325247813354839,0.6433955988581446,0.7812719966456235
116,0.0001,0.2905226754290717,0.6393938809912949,0.477143948728388,0.5499330583134268,0.7082819611598258
117,0.0001,0.26380674895786105,0.6592509696315106,1.0910350626165217,0.275964038134793,0.42779045827567425
118,0.0001,0.2622035734710239,0.6772378249544105,1.174069101160223,0.24310418257925728,0.3865821515136039
119,0.0001,0.2755472227221444,0.6540214972581735,0.9626525477929548,0.30021470347290785,0.4563849752772615
120,0.0001,0.280733469696272,0.6513336025314979,0.38640972159125586,0.637967368098391,0.7774821110079402
121,0.0001,0.2768553729568209,0.6631943602405888,0.45594528588381683,0.5806078216849291,0.7323914821055453
122,0.0001,0.2615683171011153,0.6717318702632242,0.6078322204676542,0.4744110793838852,0.6404621953992552
123,0.0001,0.2750988822607767,0.6597038956585437,0.5306326746940613,0.49305811826807777,0.6576567542675104
124,0.0001,0.2741381980123974,0.6480086983941276,0.4247684126550501,0.5996834843750999,0.7472138823715426
125,0.0001,0.25982266735462917,0.6697306271762022,0.832685882394964,0.35952133155666216,0.5246271645222758
126,0.0001,0.24942210955279215,0.6853770198879372,0.5181865963068876,0.5281727022868632,0.6892300871722297
127,0.0001,0.26031306031204404,0.6696359643110016,1.591278845613653,0.1882019267972013,0.3135304430116084
128,0.0001,0.22658088767812365,0.7255327529221995,0.5160574262792413,0.5360275129252873,0.6946535819539977
129,0.0001,0.24950798565433138,0.6819812817189785,0.8961805376139554,0.3377830734760032,0.4996868457354486
130,0.0001,0.2575433076847167,0.6743645889961024,0.7713102210651744,0.3750215473556238,0.5411573139733954
131,0.0001,0.2264209467740286,0.7326137038616056,0.28225692700256,0.6937608060445952,0.8185534802904489
132,0.0001,0.22987719447839827,0.7064623053069244,0.5918314402753656,0.47884267625295585,0.644187011467433
133,0.0001,0.23210748320534116,0.7010394361125523,0.4116131473671306,0.6032571007628322,0.7505946288196598
134,0.0001,0.2488286637124561,0.6764548952066279,0.43368170207197015,0.5969649601046115,0.7463820939297764
135,0.0001,0.23044128645034062,0.701078070235099,0.6386199810288169,0.4279702239901169,0.5968714305294202
136,0.0001,0.23829273595696404,0.6989692903014648,0.8707601048729636,0.3325279054557565,0.49504666276587805
137,0.0001,0.22509025214683442,0.7144147736077956,0.936358159238642,0.31033983775259144,0.4698956065482099
138,0.0001,0.22636760203611284,0.7169137577272326,0.39663826064629987,0.6130831959069738,0.7589175797052633
139,0.0001,0.2378148975826445,0.6850427788727507,1.0370382287285544,0.2898380849219493,0.4460730360396185
140,0.0001,0.23159287373224893,0.7042377567168024,0.40195752815766767,0.5789594379757788,0.7320752958523506
141,0.0001,0.23450320107596262,0.6981031119135919,0.3882014778527347,0.612969665751598,0.7577336011046932
142,0.0001,0.244413490096728,0.7003767278358669,0.6062505028464578,0.4464265917336375,0.6139460580493566
143,0.0001,0.24243057341802687,0.6789391897351186,0.4218744933605194,0.6007321646416931,0.74854306041671
144,0.0001,0.24667838428701674,0.6823969058432989,0.7745067531412299,0.3980495699363477,0.5639847745292441
145,0.0001,0.24383780644053504,0.7006685974458549,0.33575427532196045,0.6824320115190363,0.8097106629560513
146,0.0001,0.23827285851751054,0.6978813569286363,0.5270666642622515,0.5066054522356233,0.6701845712024128
147,0.0001,0.2283566618959109,0.698342244808203,0.3226888979023153,0.6650788069030793,0.7981206181607097
148,0.0001,0.23659880743140266,0.6905505338942171,0.26837387681007385,0.7092906365737878,0.8293266359555308
149,0.0001,0.2176026308110782,0.7063134954756217,0.5245712832971052,0.5060764495273647,0.6693238629564361
150,0.0001,0.21802950898806253,0.723442317418182,0.35398800671100616,0.5946488368805342,0.7409387800994196
151,0.0001,0.21632736637478783,0.7303756329262127,0.8324455673044379,0.34842426736194604,0.5132597757443643
152,0.0001,0.2272897298846926,0.7211743353367657,0.43486968224698846,0.5863366559919636,0.7372784467687307
153,0.0001,0.22863269881123588,0.7113727821126694,0.3375825746492906,0.6475416972208712,0.7840596507916483
154,0.0001,0.21066772866816746,0.7262097983486452,0.3134879551150582,0.6897037494026493,0.815064861670453
155,0.0001,0.22133577047359376,0.712158513505885,0.4563289555636319,0.5443546158808599,0.7005807520036252
156,0.0001,0.21437641800869078,0.718201181777393,1.5485484816811301,0.2003743718449007,0.3309576828341862
157,0.0001,0.20693263482479823,0.7359600277959092,0.32308386401696637,0.6511074116031073,0.7862237260831829
158,0.0001,0.2026949915147963,0.7449505019648919,0.3082726828076623,0.6832654366036794,0.8108694439934833
159,0.0001,0.21156856062866392,0.7286206521172842,0.45681224086067895,0.5665482841316275,0.7211185196495006
160,0.0001,0.23752261556330181,0.6914817557373526,0.3220942670648748,0.702152587561986,0.8240610419017339
161,0.0001,0.23201374780564082,0.6945914327607668,0.32288240031762555,0.6931704978552081,0.8178608444920875
162,0.0001,0.20108846113795326,0.7412140097743878,0.6772228479385376,0.4137279282720995,0.5820760284240575
163,0.0001,0.22340712802750723,0.7137732546990758,0.3117134516889399,0.6822726021804131,0.8107638255384959
164,0.0001,0.2307755056591261,0.7016652675047874,0.37994392622600903,0.6519209436647087,0.7852879729604662
165,0.0001,0.2328501847528276,0.6980406928972688,0.6059329943223433,0.4666060596771768,0.6324995914636765
166,0.0001,0.2038601470135507,0.7340137600764604,0.27158694104714826,0.7270893190779498,0.8416175489735107
167,0.0001,0.20830446552662624,0.7260676129496789,0.340069288557226,0.6516896590074345,0.788092949555612
168,0.0001,0.2092463785693759,0.721189763222481,0.7618485255674883,0.38216178266885165,0.5487839312871687
169,0.0001,0.20568699957359404,0.7380713975630758,0.5019064870747653,0.5482159247525955,0.7052013140764009
170,0.0001,0.19521872912134444,0.7413708940383165,0.6596206860108809,0.4572931299708857,0.6240495249081175
171,0.0001,0.2086006427804629,0.7359139422247871,0.3093723993409764,0.6964875693662241,0.8204573818197578
172,0.0001,0.20878864186150686,0.7314259388539797,0.43713792074810376,0.5440792066500685,0.7016190895184243
173,0.0001,0.22206615763051168,0.7089301985405838,0.3508455753326416,0.678444599226295,0.8068849545896196
174,0.0001,0.20507055733885085,0.7398177169742925,0.3177211013707248,0.6805126953956863,0.8084953523260675
175,0.0001,0.19776437147742226,0.742544324658712,0.3487141796133735,0.6058981313865109,0.7521697963140866
176,0.0001,0.19880900851317815,0.7400546071859775,0.2784739705649289,0.7027739854057501,0.8251012831926182
177,0.0001,0.1991503969544456,0.7379154391287768,0.4064037528905002,0.6251788669130559,0.7659005392353916
178,0.0001,0.19875157624483109,0.7505991722958634,0.2837415053085847,0.6958191106755518,0.8198644222309657
179,0.0001,0.18544300752026693,0.7602287339045624,0.4646225029771978,0.5668774754986284,0.7214169494944073
180,0.0001,0.1996536481948126,0.731574272954858,0.30938067761334503,0.688909262061609,0.8141498460228287
181,0.0001,0.19046553862946375,0.7577900848777004,0.47770222750577057,0.5423425860236438,0.7002797905477853
182,0.0001,0.19135976334412894,0.7494744558289278,0.32005131380124524,0.6773648345752535,0.8066119178087713
183,0.0001,0.19264629128433408,0.7542359689010637,0.2845098159529946,0.7087163340591366,0.8291248947449579
184,0.0001,0.20465047480095,0.7296779095293646,0.3639387461272153,0.6520149337213451,0.7871033987490587
185,0.0001,0.19056976728496097,0.7454522534127255,0.48972602594982495,0.5255881346437907,0.6868400723480034
186,0.0001,0.18414139392830076,0.7569266034581065,0.37641779942946,0.6289804065760328,0.7697608988421447
187,0.0001,0.1943959462500754,0.7497090663007957,0.3192273351279172,0.6617252318651196,0.7956559641182697
188,0.0001,0.17706487540687835,0.7787374214551241,0.2953056286681782,0.7029370152722778,0.8252599442699764
189,0.0001,0.18586294672318868,0.7502164805664692,0.2951617566022006,0.711341334335233,0.8310222733907278
190,0.0001,0.1716667218577294,0.7758101561192547,0.3318515961820429,0.6826319425096041,0.8102280192672828
191,0.0001,0.16653159047876084,0.7773263175606683,0.3437139960852536,0.6675464306768628,0.8001421700311585
192,0.0001,0.17164784563439234,0.7797588220559903,0.5397206111387773,0.49626054454605284,0.6606138889323803
193,0.0001,0.17594859074978603,0.7760403027984695,0.3764812675389377,0.6294409461062784,0.7708208826116699
194,0.0001,0.1822662087423461,0.7480874223361821,0.30133840441703796,0.680031521781681,0.8087465032721357
195,0.0001,0.1818507501766795,0.7620814634079441,0.3442338732155887,0.6326077790491399,0.7731299282497937
196,0.0001,0.17781688166516169,0.7770210354975395,0.3360206864096902,0.681059554901656,0.8097383707368938
197,0.0001,0.17161277575152262,0.7742170001110702,0.2797316082499244,0.6933834113348748,0.8179517399352509
198,0.0001,0.17457197322731927,0.766409369806972,0.7524784153158014,0.39508181227161077,0.5625463177704749
199,0.0001,0.17122512310743332,0.7687678904101657,0.4545028561895544,0.5452572838914896,0.703118253156803
200,0.0001,0.1719888530316807,0.7653758737091996,0.6917262077331543,0.4421498081474819,0.6094329645363166
201,0.0001,0.17797083549556278,0.773058392584421,0.2941581037911502,0.6897800855996438,0.8156183315602591
202,0.0001,0.1680492673601423,0.7780605523150937,0.3002946444533088,0.6789050974828973,0.8070659313626526
203,0.0001,0.17400354927494413,0.7699786903138569,0.3108558112924749,0.6724328564842793,0.8027402176945834
204,0.0001,0.17588431671971366,0.7690017825346329,0.3224088630893014,0.6894193492222006,0.8152386670029835
205,0.0001,0.1671618531857218,0.7770308186343302,0.32237289168617944,0.6878805597786007,0.8128691826010471
206,0.0001,0.1686643056926273,0.7872165394081382,0.3451612429185347,0.6646863982036879,0.7978626296438711
207,0.0001,0.1657321279247602,0.7747244649565739,0.5317162275314331,0.5037875813559843,0.6677168071645171
208,0.0001,0.17583646554322468,0.7666441681325172,0.5544621592218225,0.49457688277581086,0.6591699147927644
209,0.0001,0.1548680616986184,0.8008432306227868,0.2981959012421695,0.7080211123529472,0.8282952636947324
210,0.0001,0.15092472909461885,0.8057633866759628,0.3078272613612088,0.6938505116400001,0.8185522002821088
211,0.0001,0.16647045349790937,0.7855318719456086,0.29574347084218805,0.6859093307151946,0.8126887717573464
212,0.0001,0.1774739165391241,0.7751764255990248,0.37054091691970825,0.631456016219024,0.7731822464050789
213,0.0001,0.17543141969612666,0.7717463304876976,0.35577280683950946,0.6556078273379016,0.790951820134394
214,0.0001,0.16782404092096148,0.7848758656586377,0.29876339029182086,0.6808580352748251,0.8088934893783069
215,0.0001,0.1614191723721368,0.7774229393149229,0.2917918711900711,0.706078383469544,0.8270586901414556
216,0.0001,0.16157601206075578,0.7759580791501421,0.2795691286975687,0.7198448800702579,0.8364994304270149
217,0.0001,0.1642649606579826,0.791769870104179,0.4757789427583868,0.5531708059409475,0.7105203549734339
218,0.0001,0.1633606336656071,0.7878509481065966,0.27975272184068506,0.7041400341994462,0.8257515487989132
219,0.0001,0.16161143424965085,0.7908666924060817,0.2820322188464078,0.716118222124483,0.8343188242798543
220,0.0001,0.17881438065142857,0.7648851971389112,0.28680934553796594,0.6968634191770456,0.8205642253075411
221,0.0001,0.1656986123749188,0.7892901821411378,0.28558673641898413,0.7069333666095416,0.8277347950778584
222,0.0001,0.16721273674851372,0.7820964946823892,0.5164300961927935,0.5215499103533779,0.6842540442554933
223,0.0001,0.14983484752121426,0.7982597422897109,0.4058657803318717,0.6060712047077911,0.753791023366897
224,0.0001,0.14863675229606174,0.800096923062504,0.3963882327079773,0.6169241257152467,0.7621889167433014
225,0.0001,0.15967058887084326,0.7844892774074946,0.27540514279495587,0.7242928471535826,0.8396647620777279
226,0.0001,0.1436642429658345,0.8146613499649565,0.3044652722098611,0.689486213408792,0.8154500127206237
227,0.0001,0.1658211485261009,0.7799770852399922,0.3950682824308222,0.6298943220024072,0.7712632939470492
228,0.0001,0.14771177477779843,0.8114395715135797,0.2901402766054327,0.6846370952184127,0.8114765599425314
229,0.0001,0.14562878225530898,0.8128175538893407,0.3212340623140335,0.6783153762205479,0.8078252387423881
230,0.0001,0.15583755395242146,0.7970222544345376,0.2901841320774772,0.7151420878597801,0.8326625635743432
231,0.0001,0.14869332952158792,0.8104735550689118,0.35459471019831573,0.6575742422084678,0.7929320565161864
232,0.0001,0.14998495436850048,0.795241717108362,0.32084103605963965,0.6680198752885828,0.80003276123415
233,0.0001,0.14792887760060175,0.7988072230447998,0.28476743400096893,0.7000211101011565,0.8229242800976866
234,0.0001,0.14306344446681796,0.8224688188498284,0.2629896266893907,0.7215857799924289,0.8379400840073814
235,0.0001,0.1319868341088295,0.8240958606472157,0.2802451930262826,0.7098143743906438,0.8299795344771944
236,0.0001,0.14845286309719086,0.8080565439136084,0.2852881442416798,0.7097583031252309,0.8300202109963553
237,0.0001,0.1450435852720624,0.8036781929729337,0.28604303842241113,0.7030113669954715,0.8252481053147235
238,0.0001,0.14849452106725602,0.8052309534832277,0.2966784563931552,0.7072665019550787,0.8278149469257226
239,0.0001,0.14742064972718558,0.8095164425501316,0.29695931347933685,0.7053163911735685,0.8260854632822799
240,0.0001,0.14391503589493887,0.8059260472811671,0.29865929890762677,0.6964402489444024,0.8203910278122751
241,0.0001,0.14848611929586955,0.7975346871146153,0.3425729207017205,0.6697435678146946,0.8007709999916295
242,0.0001,0.15190821708667845,0.7976365382614564,0.29558162662115967,0.6996738258595159,0.8229079578166114
243,0.0001,0.15177505215009054,0.807410201390847,0.2738773633133281,0.7187780771288712,0.8359957144580851
244,0.0001,0.15537042490073613,0.7994039976722837,0.3197063979777423,0.68604669469088,0.8118542154321834
245,0.0001,0.13663131069569362,0.8230581779209128,0.287115679545836,0.7096470511581819,0.8296925600706218
246,0.0001,0.1474158362973304,0.8149851612551567,0.3002400276335803,0.6956209248374261,0.8197743490280135
247,0.0001,0.13592932089453652,0.8259374274729464,0.25238093598322436,0.7341240846662127,0.8457576227743008
248,0.0001,0.14342945991527467,0.8162210940814036,0.2719341055913405,0.7148792484013762,0.8334114239531647
249,0.0001,0.133582133267607,0.821727189368479,0.4473622874780135,0.572677185819712,0.7262019158033656
250,0.0001,0.13785928771609351,0.8184606586723907,0.2722983021627773,0.7149265554178967,0.8333859575317145
251,0.0001,0.13395726113092332,0.8285086982247458,0.2638707472519441,0.7262845035698046,0.841114718865729
252,0.0001,0.14362262508698873,0.815668030942341,0.2641278261488134,0.7165007415166015,0.8342781714331667
253,0.0001,0.14767609110900334,0.8017259529911495,0.2904965647242286,0.6963851329318905,0.8197532724823394
254,0.0001,0.1367337086371013,0.8106291834300039,0.29007008942690765,0.702883640124982,0.8250782505213056
255,0.0001,0.13698981347538175,0.816118866561915,0.30218388546596875,0.6648788716431956,0.7967179878523126
256,0.0001,0.13294139291558946,0.8235505971985978,0.4544347443363883,0.5746020676163961,0.7279129047936799
257,0.0001,0.13637609141213552,0.8236294955049986,0.29943118583072315,0.6995624184669628,0.82280344436345
258,0.0001,0.14162746036336535,0.8193988982609935,0.4273599494587291,0.6095292228288459,0.7546346491915519
259,0.0001,0.13955294979470118,0.8165325652200518,0.27719319408590143,0.7160870467193567,0.8336334629355839
260,0.0001,0.13308562799578622,0.828013989296015,0.4123359593478116,0.5879636753131968,0.7395536004721444
261,0.0001,0.13704285593259902,0.8224698234823141,0.2881315838206898,0.7215943718990002,0.8375063569665478
262,0.0001,0.14041749707290105,0.813743583959134,0.28437337143854663,0.7008584871075414,0.8236400037093133
263,0.0001,0.138314687425182,0.8175907246229632,0.28489524735645816,0.6844398424063435,0.8115164261673292
264,0.0001,0.13670722998323895,0.8074390879239959,0.2711892642758109,0.7215592375405517,0.8379717480358948
265,0.0001,0.13446529280571712,0.8186603522758185,0.32184081185947766,0.6912560479998253,0.8164671985820612
266,0.0001,0.1227167383545921,0.830427952212459,0.3588137003508481,0.6488177339253882,0.7861827019608237
267,0.0001,0.13430955225513094,0.8277679677160273,0.389553346417167,0.6421286098964859,0.7796983952125612
268,0.0001,0.1360414390053068,0.8173832719398527,0.3348633186383681,0.6686785283745459,0.7994780736460295
269,0.0001,0.13539027245271773,0.8209183382773686,0.3890154957771301,0.5983078583590488,0.7469960134881405
270,0.0001,0.12292067600148064,0.8395007574949419,0.25956941599195654,0.7314976638619602,0.8440590964859105
271,0.0001,0.13270493383918489,0.8232253391435356,0.3013736063783819,0.7022152947074303,0.8238172749942939
272,0.0001,0.1352437049860046,0.8209879685924208,0.2657103050838817,0.7090815786065269,0.8291191623906145
273,0.0001,0.1240601617665518,0.834989285250482,0.2677031023935838,0.7092796853288569,0.8292004393407065
274,0.0001,0.11856547672124136,0.8412124325967234,0.27269199896942486,0.7134229488034401,0.8322571992395894
275,0.0001,0.11928123732407887,0.8335966109826368,0.3937169042500583,0.622258245048503,0.7654076212082687
276,0.0001,0.12390712045487903,0.835468916879965,0.27027093280445447,0.7120654253754938,0.831472778193088
277,0.0001,0.12302953182231813,0.8299035222797793,0.26843213493173773,0.7134151288611644,0.8321133190410047
278,0.0001,0.11624754326684135,0.8446794916150663,0.28334915367039765,0.7016405343495539,0.8236132601674181
279,0.0001,0.12898157288630804,0.8268442475443758,0.31028165329586377,0.6885018345815942,0.8150976686068371
280,0.0001,0.12523312192587627,0.8317604194385053,0.3038857023824345,0.6947410790080283,0.819492657948473
281,0.0001,0.13004079709450403,0.8221749537337275,0.2986942773515528,0.6969451250774582,0.8212415764473715
282,0.0001,0.13870397210121155,0.8144968436168198,0.2696821621873162,0.7166731946324681,0.8343617799103302
283,0.0001,0.11868552828118914,0.8431924134098703,0.26983674276958813,0.7171158679881593,0.834928898027244
284,0.0001,0.12392408010505494,0.8340209271680974,0.28139847110618244,0.7114080969649027,0.8307239141910497
285,0.0001,0.12379338911601476,0.8435299004630258,0.3029522191394459,0.7008054784109258,0.8235766919030992
286,0.0001,0.1277058529002326,0.823879870406955,0.32586715438149194,0.6936290488795213,0.8175252656600628
287,0.0001,0.12356461549089068,0.840580313481525,0.3246729184280742,0.6884114180647644,0.8150522395593325
288,0.0001,0.12568712163539159,0.8296950059090795,0.2947110059586438,0.6853717522533432,0.8121108662394737
289,0.0001,0.12828327041296733,0.8279730536805084,0.3485454971140081,0.6718292180611944,0.8022725458422711
290,0.0001,0.12229273716608684,0.8453257587843568,0.28988689996979455,0.7068610401681036,0.8278575708494599
291,0.0001,0.11318163999489375,0.8507553622060661,0.2904632646929134,0.7188452259095134,0.8358804859383255
292,0.0001,0.11303785301390148,0.8522340846329411,0.2704742605035955,0.7258403434428419,0.8402220922052485
293,0.0001,0.12247477862096968,0.836739841997988,0.28373784639618616,0.7040486961000768,0.8258686528174395
294,0.0001,0.1255566935454096,0.8378588030792425,0.2718868458812887,0.7069553873573698,0.8276676655203179
295,0.0001,0.12305218123254322,0.8409317524770032,0.2792798605832187,0.7086080658494301,0.8287162660954764
296,0.0001,0.12062895333483106,0.8372772599834797,0.2827799929813905,0.7198941902771053,0.8367680493728037
297,0.0001,0.11535440030552092,0.8472945683560308,0.27232087606733496,0.7243726383280745,0.8392641868508558
298,0.0001,0.11233538531121753,0.8523472521157426,0.2647262838753787,0.7279102681389493,0.8420632640636154
299,0.0001,0.11404257267713547,0.8441005870366977,0.2645640481602062,0.7224114121099727,0.8385791690720339
300,0.0001,0.1250264687197549,0.8176293071120926,0.2853434153578498,0.7106196234934143,0.8305504579732307
301,0.0001,0.1278837567993573,0.8323377891844604,0.2960727580569007,0.6878447588949275,0.8140596410630825
302,0.0001,0.12680252002818243,0.8292681459108125,0.27973341129042884,0.7225596604595039,0.8382606327217406
303,0.0001,0.11937999299594335,0.8370583583551395,0.2892333756793629,0.7051806627839838,0.8264684567257004
304,0.0001,0.11454916851861137,0.8520053837430632,0.2764361026612195,0.7167953388870955,0.8347393709843377
305,0.0001,0.12108091584273747,0.8420405693319827,0.331273382360285,0.6668586911884101,0.7996664423683093
306,0.0001,0.11412512581972849,0.8452611886348217,0.2871903899041089,0.7152828480117533,0.8331305470671896
307,0.0001,0.11526580580643245,0.8440580764213967,0.2950539859858426,0.6981812710425529,0.8214124481401422
308,0.0001,0.12222448381639663,0.8453951223384839,0.28581698509779846,0.7170925172073592,0.8340528313634714
309,0.0001,0.11974192552623295,0.8341456801562953,0.28544613177126105,0.7076647558373905,0.8279316348324137
310,0.0001,0.1128959059715271,0.8433418087291352,0.27561437677253375,0.7164831800028847,0.8343412724259689
311,0.0001,0.1146288336742492,0.8411428793119249,0.29270151257514954,0.7005052985190462,0.8234475724948198
312,0.0001,0.10683962809188026,0.8557911735067666,0.27841953391378577,0.7163568584925101,0.83416304833239
313,0.0001,0.11379782820031756,0.84892357017843,0.2876165753061121,0.7036518003562465,0.8255661957806516
314,0.0001,0.11078481660002754,0.8548328708103048,0.28060313246466895,0.7100874385546331,0.8302494040387401
315,0.0001,0.11213296403487523,0.8570721563914525,0.3281076496297663,0.6851486202532397,0.8119559460451257
316,0.0001,0.10948242211625689,0.8504608606312836,0.29083567586812104,0.6930898268227267,0.8182237178061489
317,0.0001,0.10835688135453633,0.8534875742352186,0.29197940772229974,0.7081022851091417,0.8285290851545898
318,0.0001,0.11620777455114183,0.8498077956500836,0.2890712889758023,0.7105063049734048,0.8302267052622636
319,0.0001,0.11478903251034873,0.8478071902303365,0.2789438312703913,0.7111348898211686,0.8307355007780366
320,0.0001,0.10306529345966521,0.8673360889591489,0.2826257050037384,0.7105998990727138,0.8304287192432427
321,0.0001,0.10160415442216963,0.8696921147990606,0.281096795743162,0.7214135836585703,0.8377263838034853
322,0.0001,0.1127650546176093,0.8460577109223434,0.31325698576190253,0.6774750102719206,0.8072884673823815
323,0.0001,0.11502034217119217,0.8425122715471806,0.27260125360705634,0.724266852969479,0.839385460114163
324,0.0001,0.10575167958935101,0.8629768250600081,0.2785693515430797,0.7133646385768793,0.8322083986593779
325,0.0001,0.121956776650179,0.8387207272713453,0.27906517548994586,0.7161229282433349,0.8340772130153169
326,0.0001,0.11568704602264222,0.8535967332296566,0.2843523174524307,0.7017810320721078,0.8242368842071667
327,0.0001,0.10298542944448334,0.8591479488099254,0.28334200517697766,0.7150823859991822,0.8331829778431203
328,0.0001,0.09800602814980916,0.8740324133674423,0.2892164181579243,0.7033538148950933,0.8250743396738144
329,0.0001,0.09863391447634924,0.8719846794575767,0.2818969325585799,0.71233263063625,0.8313878677826757
330,0.0001,0.09750060772611982,0.8691265373697923,0.28200933608141815,0.706991720626968,0.8277928461152029
331,0.0001,0.10444812707248188,0.855319951819024,0.2792716513980519,0.706123371725316,0.8271414766785488
332,0.0001,0.10516563980352311,0.8564024912839294,0.27901540967551147,0.7127116181258653,0.8319428785106976
333,0.0001,0.11564505330863453,0.8468721340539419,0.28967446088790894,0.704245585940571,0.8261301801503745
334,0.0001,0.09830372816040403,0.8651534643002078,0.2885638746348294,0.7021866189419976,0.8244413325637968
335,0.0001,0.1015745983237312,0.8600680656543166,0.27105008878491144,0.7191428584013392,0.8362269962393196
336,0.0001,0.11309542932680675,0.8556974856791795,0.2744282280856913,0.7166227266858342,0.8344130265601909
337,0.0001,0.1030488017769087,0.8612266880243096,0.2802386405793103,0.7060629064705265,0.8269803564802288
338,0.0001,0.10674453100987844,0.8628823457593843,0.2778911712494763,0.7199571466870855,0.8368391283749826
339,0.0001,0.10704080139597257,0.8519804988038467,0.29074766825545917,0.6966463122988682,0.8207100857702343
340,0.0001,0.10011432993979681,0.8666820579960868,0.2936876199462197,0.7047305266844567,0.8260611686015342
341,0.0001,0.1084456117380233,0.8599296935989637,0.28103289143605664,0.7084229740315529,0.8289555755788065
342,0.0001,0.1029827023545901,0.860800166559582,0.27240850166840985,0.7133513372025092,0.8321883185646499
343,0.0001,0.10426743647881917,0.8636031147560637,0.2756708995862441,0.7096666888153057,0.8297994768182338
344,0.0001,0.10412787255786714,0.8576908450325256,0.2758147418498993,0.7140795014659814,0.8325484786154616
345,0.0001,0.09941586532763072,0.8666950524621934,0.276029261675748,0.7161503894625625,0.8340777355136243
346,0.0001,0.09371435181016013,0.8792661912223076,0.29461217468435114,0.7041022681377146,0.8258730861577853
347,0.0001,0.10312194838410332,0.857684856918374,0.29083840955387463,0.7130022635063618,0.8318475127083919
348,0.0001,0.09460246917747316,0.8720539146091705,0.28093901005658234,0.7163528533521831,0.8343253179229954
349,0.0001,0.10643324575253896,0.8577158694740324,0.30206031690944324,0.702426715171267,0.8249748692236033
350,0.0001,0.10759445741063073,0.8502826623831449,0.28444391759959137,0.7124951874374224,0.8319112851853585
351,0.0001,0.09662826891456332,0.875933074521588,0.2769442024556073,0.7118788701257448,0.831302814427456
352,0.0001,0.10171854708875928,0.8659594703583199,0.2843149426308545,0.7058976651883118,0.8271939271843526
353,0.0001,0.09184666740752402,0.8763749060597574,0.27795583280650055,0.71813052981016,0.8357054217765412
354,0.0001,0.09206207486845198,0.8720225727325468,0.2817730104381388,0.7132271732898239,0.8322868950889443
355,0.0001,0.09777843845742089,0.8734123962325924,0.28699600154703314,0.7086722283795228,0.8293447236925079
356,0.0001,0.10431427189282008,0.8560319392228065,0.2878159284591675,0.7005203846194147,0.8231913367187339
357,0.0001,0.09865643935544151,0.8636748500426096,0.2922750955278223,0.7056131826235666,0.8270267989604162
358,0.0001,0.09742038448651631,0.8733496468804066,0.28494796698743646,0.7085457195501461,0.8290637311087866
359,0.0001,0.10664364198843639,0.8616709043855233,0.281007092107426,0.712641249596788,0.8316729393932004
360,0.0001,0.09470602710332189,0.8669271263434776,0.28270485455339606,0.7075192959108069,0.8282364796911132
361,0.0001,0.10388328649458431,0.8615215415281942,0.28352141651240265,0.7101650088366874,0.8300875538745429
362,0.0001,0.09386132231780461,0.8758584614760222,0.28890895301645453,0.7059560691126902,0.8270982519865622
363,0.0001,0.10520570689723605,0.8626370845631154,0.2845177691091191,0.7034946048242952,0.8253694633614516
364,0.0001,0.09454955692802157,0.8780188810873957,0.2918394316326488,0.7094739889125155,0.8295077366910768
365,0.0001,0.09873804662908826,0.8662232532664708,0.283033240925182,0.7147407029755357,0.833377955786695
366,0.0001,0.0936303280648731,0.8692700439951253,0.2864961718971079,0.7084585584506293,0.8289841309050048
367,0.0001,0.09478421438307989,0.8761271606092688,0.31999519060958515,0.6690450051471598,0.8006259320767697
368,0.0001,0.10535024780602682,0.8566138241760393,0.27719608220187103,0.709906539664879,0.83009851394468
369,0.0001,0.0966379963571117,0.8610513834749745,0.28019446405497467,0.71418735095739,0.8330021782083395
370,0.0001,0.10306200172219958,0.8558258610409715,0.2867422185160897,0.7127690967184808,0.8320016463282549
371,0.0001,0.0974857886987073,0.8721372704311966,0.28391237556934357,0.7225780756755924,0.8385796363499451
372,0.0001,0.09145300941807884,0.8762381738161319,0.2831917391581969,0.708605415520391,0.8291233306891244
373,0.0001,0.09674702549264544,0.8610371545804053,0.2857517884536223,0.6997985646580923,0.8229381819566289
374,0.0001,0.10477317372957866,0.8579828172404056,0.2807568149133162,0.7105216762208442,0.8303903131870372
375,0.0001,0.10313476586625689,0.8579232135493834,0.2796649120070718,0.7157227391104783,0.8340947159240701
376,0.0001,0.09675297744217373,0.8743780655924835,0.2817070240324194,0.6986612972258878,0.8220706979216197
377,0.0001,0.1086520084312984,0.8595822409084699,0.28468928553841333,0.7205645150013926,0.837092784398119
378,0.0001,0.09112579659337089,0.8779012856937385,0.28509779409928754,0.7194708840974081,0.8363421791608103
379,0.0001,0.09477198638376735,0.8686097357788475,0.28783129155635834,0.7091041841544464,0.8293369221382371
380,0.0001,0.10052676711763654,0.8691279748521591,0.2860495095903223,0.7019296132322478,0.824518696105672
381,0.0001,0.09132628408925873,0.8725318783561342,0.2802781489762393,0.7090454054440541,0.8293433517979119
382,0.0001,0.0971558846178509,0.8727406138388558,0.2899707948619669,0.7057304734074419,0.8270441936093164
383,0.0001,0.09954764374664851,0.8669900167199309,0.2805518020283092,0.7184323712998155,0.8359340477841748
384,0.0001,0.09890734120493844,0.8705552413730476,0.2853621677918868,0.7086419211530145,0.8291818707921983
385,0.0001,0.08852396036187808,0.8744651570198455,0.28012892332944,0.7111796293081386,0.8309924323376451
386,0.0001,0.10861344564528692,0.8626584678242549,0.28565607287667016,0.7114129950224526,0.8310306204794656
387,0.0001,0.09943427198699542,0.8666487420813139,0.2760748131708665,0.7144519213827635,0.8331382171450206
388,0.0001,0.0977840278120268,0.8737850485773496,0.27663610740141437,0.7167641146088615,0.8348746158358185
389,0.0001,0.09201716613911447,0.8728484518222759,0.28157695450566034,0.7090405143896745,0.8294511773853777
390,0.0001,0.09954458546070825,0.8669195879227597,0.2841387851671739,0.7141700427586912,0.8328266078932658
391,0.0001,0.09501585399820692,0.8708470789668704,0.2951368445699865,0.6847855972830574,0.8118028247983328
392,0.0001,0.09093473762983367,0.8799455795430793,0.30223472822796216,0.7019523504312613,0.8244204442998143
393,0.0001,0.08983017752567928,0.8843743177504128,0.2925136685371399,0.7013674992531309,0.8240198008550219
394,0.0001,0.09419521547499157,0.8818277109136113,0.28369793702255597,0.7035547447658008,0.8255224909783799
395,0.0001,0.09172116060342107,0.8772953523426482,0.28351159529252484,0.7046000153159756,0.8262687754010549
396,0.0001,0.1072755019579615,0.8612626150406167,0.28789959306066687,0.7051324410332817,0.826787239587657
397,0.0001,0.0930045135319233,0.8811047593141668,0.28823627125133167,0.7045583172193858,0.826235224446912
398,0.0001,0.09748842389810652,0.8712732330477483,0.2788744257255034,0.7109671228573822,0.830610169588918
399,0.0001,0.09779711120894977,0.8692588698384388,0.27774852785197174,0.7062252913270893,0.8274312168302199
